{"RuleTriggered": 1, "Violations": 1, "Details": {"pin_memory": false, "num_workers": 0, "cores": 16, "dataloaders": 1, "dataloading_time": {"p25": 5.24644, "p50": 5.269226, "p95": 5.4077035, "probs": [1, 0, 0, 0, 0, 0, 1, 0, 0, 0, 0, 0, 0, 0, 0, 0, 0, 0, 0, 0, 1, 0, 0, 0, 0, 0, 1, 0, 0, 1, 1, 0, 0, 2, 0, 0, 0, 0, 0, 1, 0, 0, 0, 0, 0, 0, 0, 0, 0, 1, 0, 0, 0, 0, 0, 0, 0, 0, 0, 0, 0, 0, 0, 0, 0, 0, 0, 0, 0, 0, 0, 0, 0, 0, 0, 0, 0, 0, 0, 0, 0, 0, 0, 0, 0, 0, 0, 0, 0, 0, 0, 0, 0, 0, 0, 0, 0, 0, 0, 1], "binedges": [5.17174, 5.17490455, 5.1780691, 5.181233649999999, 5.1843981999999995, 5.18756275, 5.1907273, 5.19389185, 5.1970564, 5.200220949999999, 5.2033854999999996, 5.20655005, 5.2097146, 5.21287915, 5.2160437, 5.219208249999999, 5.2223728, 5.22553735, 5.2287019, 5.23186645, 5.235031, 5.2381955499999995, 5.2413601, 5.24452465, 5.2476892, 5.25085375, 5.2540183, 5.2571828499999995, 5.2603474, 5.26351195, 5.2666765, 5.26984105, 5.2730056, 5.27617015, 5.2793347, 5.28249925, 5.2856638, 5.28882835, 5.2919929, 5.29515745, 5.298322, 5.30148655, 5.3046511, 5.30781565, 5.3109802, 5.31414475, 5.3173093, 5.32047385, 5.3236384, 5.32680295, 5.3299675, 5.33313205, 5.3362966, 5.33946115, 5.3426257, 5.34579025, 5.3489548, 5.35211935, 5.3552839, 5.35844845, 5.361613, 5.36477755, 5.3679421, 5.37110665, 5.3742712, 5.37743575, 5.3806003, 5.38376485, 5.3869294, 5.39009395, 5.3932585, 5.39642305, 5.3995876, 5.40275215, 5.4059167, 5.40908125, 5.4122458, 5.41541035, 5.4185749, 5.4217394500000005, 5.424904, 5.42806855, 5.4312331, 5.43439765, 5.4375622, 5.4407267500000005, 5.4438913, 5.44705585, 5.4502204, 5.45338495, 5.4565495, 5.4597140500000005, 5.4628786, 5.46604315, 5.4692077, 5.47237225, 5.4755368, 5.47870135, 5.4818659, 5.48503045, 5.488195]}}, "Datapoints": 11, "RuleParameters": "min_threshold:70\nmax_threshold:200"}