{"RuleTriggered": 0, "Violations": 0, "Details": {"step_num": {"first": 1680031915483726, "last": 1680035152144570}, "job_start": 1680031825.000591, "job_end": 1680035219.500442}, "Datapoints": 376, "RuleParameters": "threshold:20"}