{"RuleTriggered": 0, "Violations": 0, "Details": {"ratio": {"cpu_functions": 100.0}, "phase": {"Step:ModeKeys.GLOBAL": 23.85499119918145, "others": 76.14500880081854}, "phase_time": {}, "CPU": {"aten::conv2d": 4.862623243696296, "aten::convolution": 4.860439318758168, "aten::_convolution": 4.858066518955767, "aten::mkldnn_convolution": 4.852985880018865, "MkldnnConvolutionBackward": 8.449170888700086, "aten::mkldnn_convolution_backward": 8.444405357576944, "aten::mkldnn_convolution_backward_input": 3.884266632690705, "aten::mkldnn_convolution_backward_weights": 4.554844533967124, "enumerate(DataLoader)#_SingleProcessDataLoaderIter.__next__": 55.23319762563605}, "CPU_total": {"aten::conv2d": 5123297, "aten::convolution": 5120996, "aten::_convolution": 5118496, "aten::mkldnn_convolution": 5113143, "MkldnnConvolutionBackward": 8902111, "aten::mkldnn_convolution_backward": 8897090, "aten::mkldnn_convolution_backward_input": 4092493, "aten::mkldnn_convolution_backward_weights": 4799019, "enumerate(DataLoader)#_SingleProcessDataLoaderIter.__next__": 58194119}, "general": {"DataLoaderIterInitialize": 0.07791128845195798, "DataLoaderIter": 11.899996418814172, "Forward": 88.02209229273387}}, "Datapoints": 0, "RuleParameters": ""}