{"RuleTriggered": 4, "Violations": 46, "Details": {"step_details": {"algo-1-34": {"step_stats": {"mean": 1.14215225, "max": 19.230144, "p99": 19.029692, "p95": 0.95078825, "p50": 0.704711, "min": 0.38347}, "number_of_outliers": 6, "phase": "Step:ModeKeys.GLOBAL", "stddev": 2.43, "probs": [1, 0, 0, 0, 55, 266, 32, 0, 2, 1, 1, 0, 0, 0, 0, 0, 0, 0, 0, 0, 0, 0, 0, 0, 0, 0, 0, 0, 0, 0, 0, 0, 1, 0, 0, 0, 0, 0, 0, 0, 1, 0, 0, 0, 0, 0, 0, 0, 0, 0, 0, 0, 0, 0, 0, 0, 0, 0, 0, 0, 0, 0, 0, 0, 0, 0, 0, 0, 0, 0, 0, 0, 0, 0, 0, 0, 0, 0, 0, 0, 0, 0, 0, 0, 0, 0, 0, 0, 0, 0, 0, 0, 5, 3, 1, 0, 0, 0, 0, 1], "binedges": [0.38347, 0.44171617999999996, 0.49996236, 0.55820854, 0.61645472, 0.6747008999999999, 0.73294708, 0.79119326, 0.84943944, 0.90768562, 0.9659318, 1.0241779800000002, 1.08242416, 1.14067034, 1.19891652, 1.2571626999999999, 1.3154088800000001, 1.37365506, 1.43190124, 1.49014742, 1.5483936, 1.60663978, 1.66488596, 1.72313214, 1.78137832, 1.8396245, 1.89787068, 1.95611686, 2.01436304, 2.07260922, 2.1308553999999997, 2.18910158, 2.2473477600000002, 2.30559394, 2.36384012, 2.4220863, 2.48033248, 2.53857866, 2.59682484, 2.65507102, 2.7133172, 2.77156338, 2.82980956, 2.88805574, 2.9463019200000002, 3.0045481, 3.06279428, 3.12104046, 3.17928664, 3.23753282, 3.295779, 3.3540251800000003, 3.41227136, 3.47051754, 3.52876372, 3.5870099, 3.6452560800000002, 3.70350226, 3.76174844, 3.81999462, 3.8782408, 3.93648698, 3.99473316, 4.05297934, 4.11122552, 4.1694717, 4.22771788, 4.2859640599999995, 4.344210240000001, 4.40245642, 4.4607026, 4.51894878, 4.57719496, 4.63544114, 4.69368732, 4.7519335, 4.81017968, 4.86842586, 4.92667204, 4.98491822, 5.0431644, 5.1014105800000005, 5.15965676, 5.21790294, 5.27614912, 5.3343953, 5.39264148, 5.45088766, 5.5091338400000005, 5.56738002, 5.6256262, 5.68387238, 5.74211856, 5.80036474, 5.85861092, 5.9168571000000005, 5.97510328, 6.03334946, 6.09159564, 6.14984182, 6.208088], "step_numbers": ["363", "364", "365", "366", "367", "367"]}}, "ratio": {}, "phase": {"Step:ModeKeys.GLOBAL": 100.0}, "phase_time": {}, "general": {"Forward": 100.0}}, "Datapoints": 376, "RuleParameters": "threshold:3\nmode:None\nn_outliers:10\nstddev:3"}